ID,Name,Age,Email
1,Bob,19,bob1@example.com
2,Charlie,20,charlie2@example.com
3,David,21,david3@example.com
4,Emma,22,emma4@example.com
5,Frank,23,frank5@example.com
6,Grace,24,grace6@example.com
7,Hannah,25,hannah7@example.com
8,Ivy,26,ivy8@example.com
9,Jack,27,jack9@example.com
10,Alice,28,alice10@example.com
11,Bob,29,bob11@example.com
12,Charlie,30,charlie12@example.com
13,David,31,david13@example.com
14,Emma,32,emma14@example.com
15,Frank,33,frank15@example.com
16,Grace,34,grace16@example.com
17,Hannah,35,hannah17@example.com
18,Ivy,36,ivy18@example.com
19,Jack,37,jack19@example.com
20,Alice,38,alice20@example.com
21,Bob,39,bob21@example.com
22,Charlie,40,charlie22@example.com
23,David,41,david23@example.com
24,Emma,42,emma24@example.com
25,Frank,43,frank25@example.com
26,Grace,44,grace26@example.com
27,Hannah,45,hannah27@example.com
28,Ivy,46,ivy28@example.com
29,Jack,47,jack29@example.com
30,Alice,48,alice30@example.com
31,Bob,49,bob31@example.com
32,Charlie,50,charlie32@example.com
33,David,51,david33@example.com
34,Emma,52,emma34@example.com
35,Frank,53,frank35@example.com
36,Grace,54,grace36@example.com
37,Hannah,55,hannah37@example.com
38,Ivy,56,ivy38@example.com
39,Jack,57,jack39@example.com
40,Alice,58,alice40@example.com
41,Bob,59,bob41@example.com
42,Charlie,60,charlie42@example.com
43,David,61,david43@example.com
44,Emma,62,emma44@example.com
45,Frank,63,frank45@example.com
46,Grace,64,grace46@example.com
47,Hannah,65,hannah47@example.com
48,Ivy,66,ivy48@example.com
49,Jack,67,jack49@example.com
50,Alice,18,alice50@example.com
51,Bob,19,bob51@example.com
52,Charlie,20,charlie52@example.com
53,David,21,david53@example.com
54,Emma,22,emma54@example.com
55,Frank,23,frank55@example.com
56,Grace,24,grace56@example.com
57,Hannah,25,hannah57@example.com
58,Ivy,26,ivy58@example.com
59,Jack,27,jack59@example.com
60,Alice,28,alice60@example.com
61,Bob,29,bob61@example.com
62,Charlie,30,charlie62@example.com
63,David,31,david63@example.com
64,Emma,32,emma64@example.com
65,Frank,33,frank65@example.com
66,Grace,34,grace66@example.com
67,Hannah,35,hannah67@example.com
68,Ivy,36,ivy68@example.com
69,Jack,37,jack69@example.com
70,Alice,38,alice70@example.com
71,Bob,39,bob71@example.com
72,Charlie,40,charlie72@example.com
73,David,41,david73@example.com
74,Emma,42,emma74@example.com
75,Frank,43,frank75@example.com
76,Grace,44,grace76@example.com
77,Hannah,45,hannah77@example.com
78,Ivy,46,ivy78@example.com
79,Jack,47,jack79@example.com
80,Alice,48,alice80@example.com
81,Bob,49,bob81@example.com
82,Charlie,50,charlie82@example.com
83,David,51,david83@example.com
84,Emma,52,emma84@example.com
85,Frank,53,frank85@example.com
86,Grace,54,grace86@example.com
87,Hannah,55,hannah87@example.com
88,Ivy,56,ivy88@example.com
89,Jack,57,jack89@example.com
90,Alice,58,alice90@example.com
91,Bob,59,bob91@example.com
92,Charlie,60,charlie92@example.com
93,David,61,david93@example.com
94,Emma,62,emma94@example.com
95,Frank,63,frank95@example.com
96,Grace,64,grace96@example.com
97,Hannah,65,hannah97@example.com
98,Ivy,66,ivy98@example.com
99,Jack,67,jack99@example.com
100,Alice,18,alice100@example.com
101,Bob,19,bob101@example.com
102,Charlie,20,charlie102@example.com
103,David,21,david103@example.com
104,Emma,22,emma104@example.com
105,Frank,23,frank105@example.com
106,Grace,24,grace106@example.com
107,Hannah,25,hannah107@example.com
108,Ivy,26,ivy108@example.com
109,Jack,27,jack109@example.com
110,Alice,28,alice110@example.com
111,Bob,29,bob111@example.com
112,Charlie,30,charlie112@example.com
113,David,31,david113@example.com
114,Emma,32,emma114@example.com
115,Frank,33,frank115@example.com
116,Grace,34,grace116@example.com
117,Hannah,35,hannah117@example.com
118,Ivy,36,ivy118@example.com
119,Jack,37,jack119@example.com
120,Alice,38,alice120@example.com
121,Bob,39,bob121@example.com
122,Charlie,40,charlie122@example.com
123,David,41,david123@example.com
124,Emma,42,emma124@example.com
125,Frank,43,frank125@example.com
126,Grace,44,grace126@example.com
127,Hannah,45,hannah127@example.com
128,Ivy,46,ivy128@example.com
129,Jack,47,jack129@example.com
130,Alice,48,alice130@example.com
131,Bob,49,bob131@example.com
132,Charlie,50,charlie132@example.com
133,David,51,david133@example.com
134,Emma,52,emma134@example.com
135,Frank,53,frank135@example.com
136,Grace,54,grace136@example.com
137,Hannah,55,hannah137@example.com
138,Ivy,56,ivy138@example.com
139,Jack,57,jack139@example.com
140,Alice,58,alice140@example.com
141,Bob,59,bob141@example.com
142,Charlie,60,charlie142@example.com
143,David,61,david143@example.com
144,Emma,62,emma144@example.com
145,Frank,63,frank145@example.com
146,Grace,64,grace146@example.com
147,Hannah,65,hannah147@example.com
148,Ivy,66,ivy148@example.com
149,Jack,67,jack149@example.com
150,Alice,18,alice150@example.com
151,Bob,19,bob151@example.com
152,Charlie,20,charlie152@example.com
153,David,21,david153@example.com
154,Emma,22,emma154@example.com
155,Frank,23,frank155@example.com
156,Grace,24,grace156@example.com
157,Hannah,25,hannah157@example.com
158,Ivy,26,ivy158@example.com
159,Jack,27,jack159@example.com
160,Alice,28,alice160@example.com
161,Bob,29,bob161@example.com
162,Charlie,30,charlie162@example.com
163,David,31,david163@example.com
164,Emma,32,emma164@example.com
165,Frank,33,frank165@example.com
166,Grace,34,grace166@example.com
167,Hannah,35,hannah167@example.com
168,Ivy,36,ivy168@example.com
169,Jack,37,jack169@example.com
170,Alice,38,alice170@example.com
171,Bob,39,bob171@example.com
172,Charlie,40,charlie172@example.com
173,David,41,david173@example.com
174,Emma,42,emma174@example.com
175,Frank,43,frank175@example.com
176,Grace,44,grace176@example.com
177,Hannah,45,hannah177@example.com
178,Ivy,46,ivy178@example.com
179,Jack,47,jack179@example.com
180,Alice,48,alice180@example.com
181,Bob,49,bob181@example.com
182,Charlie,50,charlie182@example.com
183,David,51,david183@example.com
184,Emma,52,emma184@example.com
185,Frank,53,frank185@example.com
186,Grace,54,grace186@example.com
187,Hannah,55,hannah187@example.com
188,Ivy,56,ivy188@example.com
189,Jack,57,jack189@example.com
190,Alice,58,alice190@example.com
191,Bob,59,bob191@example.com
192,Charlie,60,charlie192@example.com
193,David,61,david193@example.com
194,Emma,62,emma194@example.com
195,Frank,63,frank195@example.com
196,Grace,64,grace196@example.com
197,Hannah,65,hannah197@example.com
198,Ivy,66,ivy198@example.com
199,Jack,67,jack199@example.com
200,Alice,18,alice200@example.com
201,Bob,19,bob201@example.com
202,Charlie,20,charlie202@example.com
203,David,21,david203@example.com
204,Emma,22,emma204@example.com
205,Frank,23,frank205@example.com
206,Grace,24,grace206@example.com
207,Hannah,25,hannah207@example.com
208,Ivy,26,ivy208@example.com
209,Jack,27,jack209@example.com
210,Alice,28,alice210@example.com
211,Bob,29,bob211@example.com
212,Charlie,30,charlie212@example.com
213,David,31,david213@example.com
214,Emma,32,emma214@example.com
215,Frank,33,frank215@example.com
216,Grace,34,grace216@example.com
217,Hannah,35,hannah217@example.com
218,Ivy,36,ivy218@example.com
219,Jack,37,jack219@example.com
220,Alice,38,alice220@example.com
221,Bob,39,bob221@example.com
222,Charlie,40,charlie222@example.com
223,David,41,david223@example.com
224,Emma,42,emma224@example.com
225,Frank,43,frank225@example.com
226,Grace,44,grace226@example.com
227,Hannah,45,hannah227@example.com
228,Ivy,46,ivy228@example.com
229,Jack,47,jack229@example.com
230,Alice,48,alice230@example.com
231,Bob,49,bob231@example.com
232,Charlie,50,charlie232@example.com
233,David,51,david233@example.com
234,Emma,52,emma234@example.com
235,Frank,53,frank235@example.com
236,Grace,54,grace236@example.com
237,Hannah,55,hannah237@example.com
238,Ivy,56,ivy238@example.com
239,Jack,57,jack239@example.com
240,Alice,58,alice240@example.com
241,Bob,59,bob241@example.com
242,Charlie,60,charlie242@example.com
243,David,61,david243@example.com
244,Emma,62,emma244@example.com
245,Frank,63,frank245@example.com
246,Grace,64,grace246@example.com
247,Hannah,65,hannah247@example.com
248,Ivy,66,ivy248@example.com
249,Jack,67,jack249@example.com
250,Alice,18,alice250@example.com
251,Bob,19,bob251@example.com
252,Charlie,20,charlie252@example.com
253,David,21,david253@example.com
254,Emma,22,emma254@example.com
255,Frank,23,frank255@example.com
256,Grace,24,grace256@example.com
257,Hannah,25,hannah257@example.com
258,Ivy,26,ivy258@example.com
259,Jack,27,jack259@example.com
260,Alice,28,alice260@example.com
261,Bob,29,bob261@example.com
262,Charlie,30,charlie262@example.com
263,David,31,david263@example.com
264,Emma,32,emma264@example.com
265,Frank,33,frank265@example.com
266,Grace,34,grace266@example.com
267,Hannah,35,hannah267@example.com
268,Ivy,36,ivy268@example.com
269,Jack,37,jack269@example.com
270,Alice,38,alice270@example.com
271,Bob,39,bob271@example.com
272,Charlie,40,charlie272@example.com
273,David,41,david273@example.com
274,Emma,42,emma274@example.com
275,Frank,43,frank275@example.com
276,Grace,44,grace276@example.com
277,Hannah,45,hannah277@example.com
278,Ivy,46,ivy278@example.com
279,Jack,47,jack279@example.com
280,Alice,48,alice280@example.com
281,Bob,49,bob281@example.com
282,Charlie,50,charlie282@example.com
283,David,51,david283@example.com
284,Emma,52,emma284@example.com
285,Frank,53,frank285@example.com
286,Grace,54,grace286@example.com
287,Hannah,55,hannah287@example.com
288,Ivy,56,ivy288@example.com
289,Jack,57,jack289@example.com
290,Alice,58,alice290@example.com
291,Bob,59,bob291@example.com
292,Charlie,60,charlie292@example.com
293,David,61,david293@example.com
294,Emma,62,emma294@example.com
295,Frank,63,frank295@example.com
296,Grace,64,grace296@example.com
297,Hannah,65,hannah297@example.com
298,Ivy,66,ivy298@example.com
299,Jack,67,jack299@example.com
300,Alice,18,alice300@example.com
301,Bob,19,bob301@example.com
302,Charlie,20,charlie302@example.com
303,David,21,david303@example.com
304,Emma,22,emma304@example.com
305,Frank,23,frank305@example.com
306,Grace,24,grace306@example.com
307,Hannah,25,hannah307@example.com
308,Ivy,26,ivy308@example.com
309,Jack,27,jack309@example.com
310,Alice,28,alice310@example.com
311,Bob,29,bob311@example.com
312,Charlie,30,charlie312@example.com
313,David,31,david313@example.com
314,Emma,32,emma314@example.com
315,Frank,33,frank315@example.com
316,Grace,34,grace316@example.com
317,Hannah,35,hannah317@example.com
318,Ivy,36,ivy318@example.com
319,Jack,37,jack319@example.com
320,Alice,38,alice320@example.com
321,Bob,39,bob321@example.com
322,Charlie,40,charlie322@example.com
323,David,41,david323@example.com
324,Emma,42,emma324@example.com
325,Frank,43,frank325@example.com
326,Grace,44,grace326@example.com
327,Hannah,45,hannah327@example.com
328,Ivy,46,ivy328@example.com
329,Jack,47,jack329@example.com
330,Alice,48,alice330@example.com
331,Bob,49,bob331@example.com
332,Charlie,50,charlie332@example.com
333,David,51,david333@example.com
334,Emma,52,emma334@example.com
335,Frank,53,frank335@example.com
336,Grace,54,grace336@example.com
337,Hannah,55,hannah337@example.com
338,Ivy,56,ivy338@example.com
339,Jack,57,jack339@example.com
340,Alice,58,alice340@example.com
341,Bob,59,bob341@example.com
342,Charlie,60,charlie342@example.com
343,David,61,david343@example.com
344,Emma,62,emma344@example.com
345,Frank,63,frank345@example.com
346,Grace,64,grace346@example.com
347,Hannah,65,hannah347@example.com
348,Ivy,66,ivy348@example.com
349,Jack,67,jack349@example.com
350,Alice,18,alice350@example.com
351,Bob,19,bob351@example.com
352,Charlie,20,charlie352@example.com
353,David,21,david353@example.com
354,Emma,22,emma354@example.com
355,Frank,23,frank355@example.com
356,Grace,24,grace356@example.com
357,Hannah,25,hannah357@example.com
358,Ivy,26,ivy358@example.com
359,Jack,27,jack359@example.com
360,Alice,28,alice360@example.com
361,Bob,29,bob361@example.com
362,Charlie,30,charlie362@example.com
363,David,31,david363@example.com
364,Emma,32,emma364@example.com
365,Frank,33,frank365@example.com
366,Grace,34,grace366@example.com
367,Hannah,35,hannah367@example.com
368,Ivy,36,ivy368@example.com
369,Jack,37,jack369@example.com
370,Alice,38,alice370@example.com
371,Bob,39,bob371@example.com
372,Charlie,40,charlie372@example.com
373,David,41,david373@example.com
374,Emma,42,emma374@example.com
375,Frank,43,frank375@example.com
376,Grace,44,grace376@example.com
377,Hannah,45,hannah377@example.com
378,Ivy,46,ivy378@example.com
379,Jack,47,jack379@example.com
380,Alice,48,alice380@example.com
381,Bob,49,bob381@example.com
382,Charlie,50,charlie382@example.com
383,David,51,david383@example.com
384,Emma,52,emma384@example.com
385,Frank,53,frank385@example.com
386,Grace,54,grace386@example.com
387,Hannah,55,hannah387@example.com
388,Ivy,56,ivy388@example.com
389,Jack,57,jack389@example.com
390,Alice,58,alice390@example.com
391,Bob,59,bob391@example.com
392,Charlie,60,charlie392@example.com
393,David,61,david393@example.com
394,Emma,62,emma394@example.com
395,Frank,63,frank395@example.com
396,Grace,64,grace396@example.com
397,Hannah,65,hannah397@example.com
398,Ivy,66,ivy398@example.com
399,Jack,67,jack399@example.com
400,Alice,18,alice400@example.com
401,Bob,19,bob401@example.com
402,Charlie,20,charlie402@example.com
403,David,21,david403@example.com
404,Emma,22,emma404@example.com
405,Frank,23,frank405@example.com
406,Grace,24,grace406@example.com
407,Hannah,25,hannah407@example.com
408,Ivy,26,ivy408@example.com
409,Jack,27,jack409@example.com
410,Alice,28,alice410@example.com
411,Bob,29,bob411@example.com
412,Charlie,30,charlie412@example.com
413,David,31,david413@example.com
414,Emma,32,emma414@example.com
415,Frank,33,frank415@example.com
416,Grace,34,grace416@example.com
417,Hannah,35,hannah417@example.com
418,Ivy,36,ivy418@example.com
419,Jack,37,jack419@example.com
420,Alice,38,alice420@example.com
421,Bob,39,bob421@example.com
422,Charlie,40,charlie422@example.com
423,David,41,david423@example.com
424,Emma,42,emma424@example.com
425,Frank,43,frank425@example.com
426,Grace,44,grace426@example.com
427,Hannah,45,hannah427@example.com
428,Ivy,46,ivy428@example.com
429,Jack,47,jack429@example.com
430,Alice,48,alice430@example.com
431,Bob,49,bob431@example.com
432,Charlie,50,charlie432@example.com
433,David,51,david433@example.com
434,Emma,52,emma434@example.com
435,Frank,53,frank435@example.com
436,Grace,54,grace436@example.com
437,Hannah,55,hannah437@example.com
438,Ivy,56,ivy438@example.com
439,Jack,57,jack439@example.com
440,Alice,58,alice440@example.com
441,Bob,59,bob441@example.com
442,Charlie,60,charlie442@example.com
443,David,61,david443@example.com
444,Emma,62,emma444@example.com
445,Frank,63,frank445@example.com
446,Grace,64,grace446@example.com
447,Hannah,65,hannah447@example.com
448,Ivy,66,ivy448@example.com
449,Jack,67,jack449@example.com
450,Alice,18,alice450@example.com
451,Bob,19,bob451@example.com
452,Charlie,20,charlie452@example.com
453,David,21,david453@example.com
454,Emma,22,emma454@example.com
455,Frank,23,frank455@example.com
456,Grace,24,grace456@example.com
457,Hannah,25,hannah457@example.com
458,Ivy,26,ivy458@example.com
459,Jack,27,jack459@example.com
460,Alice,28,alice460@example.com
461,Bob,29,bob461@example.com
462,Charlie,30,charlie462@example.com
463,David,31,david463@example.com
464,Emma,32,emma464@example.com
465,Frank,33,frank465@example.com
466,Grace,34,grace466@example.com
467,Hannah,35,hannah467@example.com
468,Ivy,36,ivy468@example.com
469,Jack,37,jack469@example.com
470,Alice,38,alice470@example.com
471,Bob,39,bob471@example.com
472,Charlie,40,charlie472@example.com
473,David,41,david473@example.com
474,Emma,42,emma474@example.com
475,Frank,43,frank475@example.com
476,Grace,44,grace476@example.com
477,Hannah,45,hannah477@example.com
478,Ivy,46,ivy478@example.com
479,Jack,47,jack479@example.com
480,Alice,48,alice480@example.com
481,Bob,49,bob481@example.com
482,Charlie,50,charlie482@example.com
483,David,51,david483@example.com
484,Emma,52,emma484@example.com
485,Frank,53,frank485@example.com
486,Grace,54,grace486@example.com
487,Hannah,55,hannah487@example.com
488,Ivy,56,ivy488@example.com
489,Jack,57,jack489@example.com
490,Alice,58,alice490@example.com
491,Bob,59,bob491@example.com
492,Charlie,60,charlie492@example.com
493,David,61,david493@example.com
494,Emma,62,emma494@example.com
495,Frank,63,frank495@example.com
496,Grace,64,grace496@example.com
497,Hannah,65,hannah497@example.com
498,Ivy,66,ivy498@example.com
499,Jack,67,jack499@example.com
500,Alice,18,alice500@example.com
501,Bob,19,bob501@example.com
502,Charlie,20,charlie502@example.com
503,David,21,david503@example.com
504,Emma,22,emma504@example.com
505,Frank,23,frank505@example.com
506,Grace,24,grace506@example.com
507,Hannah,25,hannah507@example.com
508,Ivy,26,ivy508@example.com
509,Jack,27,jack509@example.com
510,Alice,28,alice510@example.com
511,Bob,29,bob511@example.com
512,Charlie,30,charlie512@example.com
513,David,31,david513@example.com
514,Emma,32,emma514@example.com
515,Frank,33,frank515@example.com
516,Grace,34,grace516@example.com
517,Hannah,35,hannah517@example.com
518,Ivy,36,ivy518@example.com
519,Jack,37,jack519@example.com
520,Alice,38,alice520@example.com
521,Bob,39,bob521@example.com
522,Charlie,40,charlie522@example.com
523,David,41,david523@example.com
524,Emma,42,emma524@example.com
525,Frank,43,frank525@example.com
526,Grace,44,grace526@example.com
527,Hannah,45,hannah527@example.com
528,Ivy,46,ivy528@example.com
529,Jack,47,jack529@example.com
530,Alice,48,alice530@example.com
531,Bob,49,bob531@example.com
532,Charlie,50,charlie532@example.com
533,David,51,david533@example.com
534,Emma,52,emma534@example.com
535,Frank,53,frank535@example.com
536,Grace,54,grace536@example.com
537,Hannah,55,hannah537@example.com
538,Ivy,56,ivy538@example.com
539,Jack,57,jack539@example.com
540,Alice,58,alice540@example.com
541,Bob,59,bob541@example.com
542,Charlie,60,charlie542@example.com
543,David,61,david543@example.com
544,Emma,62,emma544@example.com
545,Frank,63,frank545@example.com
546,Grace,64,grace546@example.com
547,Hannah,65,hannah547@example.com
548,Ivy,66,ivy548@example.com
549,Jack,67,jack549@example.com
550,Alice,18,alice550@example.com
551,Bob,19,bob551@example.com
552,Charlie,20,charlie552@example.com
553,David,21,david553@example.com
554,Emma,22,emma554@example.com
555,Frank,23,frank555@example.com
556,Grace,24,grace556@example.com
557,Hannah,25,hannah557@example.com
558,Ivy,26,ivy558@example.com
559,Jack,27,jack559@example.com
560,Alice,28,alice560@example.com
561,Bob,29,bob561@example.com
562,Charlie,30,charlie562@example.com
563,David,31,david563@example.com
564,Emma,32,emma564@example.com
565,Frank,33,frank565@example.com
566,Grace,34,grace566@example.com
567,Hannah,35,hannah567@example.com
568,Ivy,36,ivy568@example.com
569,Jack,37,jack569@example.com
570,Alice,38,alice570@example.com
571,Bob,39,bob571@example.com
572,Charlie,40,charlie572@example.com
573,David,41,david573@example.com
574,Emma,42,emma574@example.com
575,Frank,43,frank575@example.com
576,Grace,44,grace576@example.com
577,Hannah,45,hannah577@example.com
578,Ivy,46,ivy578@example.com
579,Jack,47,jack579@example.com
580,Alice,48,alice580@example.com
581,Bob,49,bob581@example.com
582,Charlie,50,charlie582@example.com
583,David,51,david583@example.com
584,Emma,52,emma584@example.com
585,Frank,53,frank585@example.com
586,Grace,54,grace586@example.com
587,Hannah,55,hannah587@example.com
588,Ivy,56,ivy588@example.com
589,Jack,57,jack589@example.com
590,Alice,58,alice590@example.com
591,Bob,59,bob591@example.com
592,Charlie,60,charlie592@example.com
593,David,61,david593@example.com
594,Emma,62,emma594@example.com
595,Frank,63,frank595@example.com
596,Grace,64,grace596@example.com
597,Hannah,65,hannah597@example.com
598,Ivy,66,ivy598@example.com
599,Jack,67,jack599@example.com
600,Alice,18,alice600@example.com
601,Bob,19,bob601@example.com
602,Charlie,20,charlie602@example.com
603,David,21,david603@example.com
604,Emma,22,emma604@example.com
605,Frank,23,frank605@example.com
606,Grace,24,grace606@example.com
607,Hannah,25,hannah607@example.com
608,Ivy,26,ivy608@example.com
609,Jack,27,jack609@example.com
610,Alice,28,alice610@example.com
611,Bob,29,bob611@example.com
612,Charlie,30,charlie612@example.com
613,David,31,david613@example.com
614,Emma,32,emma614@example.com
615,Frank,33,frank615@example.com
616,Grace,34,grace616@example.com
617,Hannah,35,hannah617@example.com
618,Ivy,36,ivy618@example.com
619,Jack,37,jack619@example.com
620,Alice,38,alice620@example.com
621,Bob,39,bob621@example.com
622,Charlie,40,charlie622@example.com
623,David,41,david623@example.com
624,Emma,42,emma624@example.com
625,Frank,43,frank625@example.com
626,Grace,44,grace626@example.com
627,Hannah,45,hannah627@example.com
628,Ivy,46,ivy628@example.com
629,Jack,47,jack629@example.com
630,Alice,48,alice630@example.com
631,Bob,49,bob631@example.com
632,Charlie,50,charlie632@example.com
633,David,51,david633@example.com
634,Emma,52,emma634@example.com
635,Frank,53,frank635@example.com
636,Grace,54,grace636@example.com
637,Hannah,55,hannah637@example.com
638,Ivy,56,ivy638@example.com
639,Jack,57,jack639@example.com
640,Alice,58,alice640@example.com
641,Bob,59,bob641@example.com
642,Charlie,60,charlie642@example.com
643,David,61,david643@example.com
644,Emma,62,emma644@example.com
645,Frank,63,frank645@example.com
646,Grace,64,grace646@example.com
647,Hannah,65,hannah647@example.com
648,Ivy,66,ivy648@example.com
649,Jack,67,jack649@example.com
650,Alice,18,alice650@example.com
651,Bob,19,bob651@example.com
652,Charlie,20,charlie652@example.com
653,David,21,david653@example.com
654,Emma,22,emma654@example.com
655,Frank,23,frank655@example.com
656,Grace,24,grace656@example.com
657,Hannah,25,hannah657@example.com
658,Ivy,26,ivy658@example.com
659,Jack,27,jack659@example.com
660,Alice,28,alice660@example.com
661,Bob,29,bob661@example.com
662,Charlie,30,charlie662@example.com
663,David,31,david663@example.com
664,Emma,32,emma664@example.com
665,Frank,33,frank665@example.com
666,Grace,34,grace666@example.com
667,Hannah,35,hannah667@example.com
668,Ivy,36,ivy668@example.com
669,Jack,37,jack669@example.com
670,Alice,38,alice670@example.com
671,Bob,39,bob671@example.com
672,Charlie,40,charlie672@example.com
673,David,41,david673@example.com
674,Emma,42,emma674@example.com
675,Frank,43,frank675@example.com
676,Grace,44,grace676@example.com
677,Hannah,45,hannah677@example.com
678,Ivy,46,ivy678@example.com
679,Jack,47,jack679@example.com
680,Alice,48,alice680@example.com
681,Bob,49,bob681@example.com
682,Charlie,50,charlie682@example.com
683,David,51,david683@example.com
684,Emma,52,emma684@example.com
685,Frank,53,frank685@example.com
686,Grace,54,grace686@example.com
687,Hannah,55,hannah687@example.com
688,Ivy,56,ivy688@example.com
689,Jack,57,jack689@example.com
690,Alice,58,alice690@example.com
691,Bob,59,bob691@example.com
692,Charlie,60,charlie692@example.com
693,David,61,david693@example.com
694,Emma,62,emma694@example.com
695,Frank,63,frank695@example.com
696,Grace,64,grace696@example.com
697,Hannah,65,hannah697@example.com
698,Ivy,66,ivy698@example.com
699,Jack,67,jack699@example.com
700,Alice,18,alice700@example.com
701,Bob,19,bob701@example.com
702,Charlie,20,charlie702@example.com
703,David,21,david703@example.com
704,Emma,22,emma704@example.com
705,Frank,23,frank705@example.com
706,Grace,24,grace706@example.com
707,Hannah,25,hannah707@example.com
708,Ivy,26,ivy708@example.com
709,Jack,27,jack709@example.com
710,Alice,28,alice710@example.com
711,Bob,29,bob711@example.com
712,Charlie,30,charlie712@example.com
713,David,31,david713@example.com
714,Emma,32,emma714@example.com
715,Frank,33,frank715@example.com
716,Grace,34,grace716@example.com
717,Hannah,35,hannah717@example.com
718,Ivy,36,ivy718@example.com
719,Jack,37,jack719@example.com
720,Alice,38,alice720@example.com
721,Bob,39,bob721@example.com
722,Charlie,40,charlie722@example.com
723,David,41,david723@example.com
724,Emma,42,emma724@example.com
725,Frank,43,frank725@example.com
726,Grace,44,grace726@example.com
727,Hannah,45,hannah727@example.com
728,Ivy,46,ivy728@example.com
729,Jack,47,jack729@example.com
730,Alice,48,alice730@example.com
731,Bob,49,bob731@example.com
732,Charlie,50,charlie732@example.com
733,David,51,david733@example.com
734,Emma,52,emma734@example.com
735,Frank,53,frank735@example.com
736,Grace,54,grace736@example.com
737,Hannah,55,hannah737@example.com
738,Ivy,56,ivy738@example.com
739,Jack,57,jack739@example.com
740,Alice,58,alice740@example.com
741,Bob,59,bob741@example.com
742,Charlie,60,charlie742@example.com
743,David,61,david743@example.com
744,Emma,62,emma744@example.com
745,Frank,63,frank745@example.com
746,Grace,64,grace746@example.com
747,Hannah,65,hannah747@example.com
748,Ivy,66,ivy748@example.com
749,Jack,67,jack749@example.com
750,Alice,18,alice750@example.com
751,Bob,19,bob751@example.com
752,Charlie,20,charlie752@example.com
753,David,21,david753@example.com
754,Emma,22,emma754@example.com
755,Frank,23,frank755@example.com
756,Grace,24,grace756@example.com
757,Hannah,25,hannah757@example.com
758,Ivy,26,ivy758@example.com
759,Jack,27,jack759@example.com
760,Alice,28,alice760@example.com
761,Bob,29,bob761@example.com
762,Charlie,30,charlie762@example.com
763,David,31,david763@example.com
764,Emma,32,emma764@example.com
765,Frank,33,frank765@example.com
766,Grace,34,grace766@example.com
767,Hannah,35,hannah767@example.com
768,Ivy,36,ivy768@example.com
769,Jack,37,jack769@example.com
770,Alice,38,alice770@example.com
771,Bob,39,bob771@example.com
772,Charlie,40,charlie772@example.com
773,David,41,david773@example.com
774,Emma,42,emma774@example.com
775,Frank,43,frank775@example.com
776,Grace,44,grace776@example.com
777,Hannah,45,hannah777@example.com
778,Ivy,46,ivy778@example.com
779,Jack,47,jack779@example.com
780,Alice,48,alice780@example.com
781,Bob,49,bob781@example.com
782,Charlie,50,charlie782@example.com
783,David,51,david783@example.com
784,Emma,52,emma784@example.com
785,Frank,53,frank785@example.com
786,Grace,54,grace786@example.com
787,Hannah,55,hannah787@example.com
788,Ivy,56,ivy788@example.com
789,Jack,57,jack789@example.com
790,Alice,58,alice790@example.com
791,Bob,59,bob791@example.com
792,Charlie,60,charlie792@example.com
793,David,61,david793@example.com
794,Emma,62,emma794@example.com
795,Frank,63,frank795@example.com
796,Grace,64,grace796@example.com
797,Hannah,65,hannah797@example.com
798,Ivy,66,ivy798@example.com
799,Jack,67,jack799@example.com
800,Alice,18,alice800@example.com
801,Bob,19,bob801@example.com
802,Charlie,20,charlie802@example.com
803,David,21,david803@example.com
804,Emma,22,emma804@example.com
805,Frank,23,frank805@example.com
806,Grace,24,grace806@example.com
807,Hannah,25,hannah807@example.com
808,Ivy,26,ivy808@example.com
809,Jack,27,jack809@example.com
810,Alice,28,alice810@example.com
811,Bob,29,bob811@example.com
812,Charlie,30,charlie812@example.com
813,David,31,david813@example.com
814,Emma,32,emma814@example.com
815,Frank,33,frank815@example.com
816,Grace,34,grace816@example.com
817,Hannah,35,hannah817@example.com
818,Ivy,36,ivy818@example.com
819,Jack,37,jack819@example.com
820,Alice,38,alice820@example.com
821,Bob,39,bob821@example.com
822,Charlie,40,charlie822@example.com
823,David,41,david823@example.com
824,Emma,42,emma824@example.com
825,Frank,43,frank825@example.com
826,Grace,44,grace826@example.com
827,Hannah,45,hannah827@example.com
828,Ivy,46,ivy828@example.com
829,Jack,47,jack829@example.com
830,Alice,48,alice830@example.com
831,Bob,49,bob831@example.com
832,Charlie,50,charlie832@example.com
833,David,51,david833@example.com
834,Emma,52,emma834@example.com
835,Frank,53,frank835@example.com
836,Grace,54,grace836@example.com
837,Hannah,55,hannah837@example.com
838,Ivy,56,ivy838@example.com
839,Jack,57,jack839@example.com
840,Alice,58,alice840@example.com
841,Bob,59,bob841@example.com
842,Charlie,60,charlie842@example.com
843,David,61,david843@example.com
844,Emma,62,emma844@example.com
845,Frank,63,frank845@example.com
846,Grace,64,grace846@example.com
847,Hannah,65,hannah847@example.com
848,Ivy,66,ivy848@example.com
849,Jack,67,jack849@example.com
850,Alice,18,alice850@example.com
851,Bob,19,bob851@example.com
852,Charlie,20,charlie852@example.com
853,David,21,david853@example.com
854,Emma,22,emma854@example.com
855,Frank,23,frank855@example.com
856,Grace,24,grace856@example.com
857,Hannah,25,hannah857@example.com
858,Ivy,26,ivy858@example.com
859,Jack,27,jack859@example.com
860,Alice,28,alice860@example.com
861,Bob,29,bob861@example.com
862,Charlie,30,charlie862@example.com
863,David,31,david863@example.com
864,Emma,32,emma864@example.com
865,Frank,33,frank865@example.com
866,Grace,34,grace866@example.com
867,Hannah,35,hannah867@example.com
868,Ivy,36,ivy868@example.com
869,Jack,37,jack869@example.com
870,Alice,38,alice870@example.com
871,Bob,39,bob871@example.com
872,Charlie,40,charlie872@example.com
873,David,41,david873@example.com
874,Emma,42,emma874@example.com
875,Frank,43,frank875@example.com
876,Grace,44,grace876@example.com
877,Hannah,45,hannah877@example.com
878,Ivy,46,ivy878@example.com
879,Jack,47,jack879@example.com
880,Alice,48,alice880@example.com
881,Bob,49,bob881@example.com
882,Charlie,50,charlie882@example.com
883,David,51,david883@example.com
884,Emma,52,emma884@example.com
885,Frank,53,frank885@example.com
886,Grace,54,grace886@example.com
887,Hannah,55,hannah887@example.com
888,Ivy,56,ivy888@example.com
889,Jack,57,jack889@example.com
890,Alice,58,alice890@example.com
891,Bob,59,bob891@example.com
892,Charlie,60,charlie892@example.com
893,David,61,david893@example.com
894,Emma,62,emma894@example.com
895,Frank,63,frank895@example.com
896,Grace,64,grace896@example.com
897,Hannah,65,hannah897@example.com
898,Ivy,66,ivy898@example.com
899,Jack,67,jack899@example.com
900,Alice,18,alice900@example.com
901,Bob,19,bob901@example.com
902,Charlie,20,charlie902@example.com
903,David,21,david903@example.com
904,Emma,22,emma904@example.com
905,Frank,23,frank905@example.com
906,Grace,24,grace906@example.com
907,Hannah,25,hannah907@example.com
908,Ivy,26,ivy908@example.com
909,Jack,27,jack909@example.com
910,Alice,28,alice910@example.com
911,Bob,29,bob911@example.com
912,Charlie,30,charlie912@example.com
913,David,31,david913@example.com
914,Emma,32,emma914@example.com
915,Frank,33,frank915@example.com
916,Grace,34,grace916@example.com
917,Hannah,35,hannah917@example.com
918,Ivy,36,ivy918@example.com
919,Jack,37,jack919@example.com
920,Alice,38,alice920@example.com
921,Bob,39,bob921@example.com
922,Charlie,40,charlie922@example.com
923,David,41,david923@example.com
924,Emma,42,emma924@example.com
925,Frank,43,frank925@example.com
926,Grace,44,grace926@example.com
927,Hannah,45,hannah927@example.com
928,Ivy,46,ivy928@example.com
929,Jack,47,jack929@example.com
930,Alice,48,alice930@example.com
931,Bob,49,bob931@example.com
932,Charlie,50,charlie932@example.com
933,David,51,david933@example.com
934,Emma,52,emma934@example.com
935,Frank,53,frank935@example.com
936,Grace,54,grace936@example.com
937,Hannah,55,hannah937@example.com
938,Ivy,56,ivy938@example.com
939,Jack,57,jack939@example.com
940,Alice,58,alice940@example.com
941,Bob,59,bob941@example.com
942,Charlie,60,charlie942@example.com
943,David,61,david943@example.com
944,Emma,62,emma944@example.com
945,Frank,63,frank945@example.com
946,Grace,64,grace946@example.com
947,Hannah,65,hannah947@example.com
948,Ivy,66,ivy948@example.com
949,Jack,67,jack949@example.com
950,Alice,18,alice950@example.com
951,Bob,19,bob951@example.com
952,Charlie,20,charlie952@example.com
953,David,21,david953@example.com
954,Emma,22,emma954@example.com
955,Frank,23,frank955@example.com
956,Grace,24,grace956@example.com
957,Hannah,25,hannah957@example.com
958,Ivy,26,ivy958@example.com
959,Jack,27,jack959@example.com
960,Alice,28,alice960@example.com
961,Bob,29,bob961@example.com
962,Charlie,30,charlie962@example.com
963,David,31,david963@example.com
964,Emma,32,emma964@example.com
965,Frank,33,frank965@example.com
966,Grace,34,grace966@example.com
967,Hannah,35,hannah967@example.com
968,Ivy,36,ivy968@example.com
969,Jack,37,jack969@example.com
970,Alice,38,alice970@example.com
971,Bob,39,bob971@example.com
972,Charlie,40,charlie972@example.com
973,David,41,david973@example.com
974,Emma,42,emma974@example.com
975,Frank,43,frank975@example.com
976,Grace,44,grace976@example.com
977,Hannah,45,hannah977@example.com
978,Ivy,46,ivy978@example.com
979,Jack,47,jack979@example.com
980,Alice,48,alice980@example.com
981,Bob,49,bob981@example.com
982,Charlie,50,charlie982@example.com
983,David,51,david983@example.com
984,Emma,52,emma984@example.com
985,Frank,53,frank985@example.com
986,Grace,54,grace986@example.com
987,Hannah,55,hannah987@example.com
988,Ivy,56,ivy988@example.com
989,Jack,57,jack989@example.com
990,Alice,58,alice990@example.com
991,Bob,59,bob991@example.com
992,Charlie,60,charlie992@example.com
993,David,61,david993@example.com
994,Emma,62,emma994@example.com
995,Frank,63,frank995@example.com
996,Grace,64,grace996@example.com
997,Hannah,65,hannah997@example.com
998,Ivy,66,ivy998@example.com
999,Jack,67,jack999@example.com
1000,Alice,18,alice1000@example.com
1,Bob,19,bob1@example.com
2,Charlie,20,charlie2@example.com
3,David,21,david3@example.com
4,Emma,22,emma4@example.com
5,Frank,23,frank5@example.com
6,Grace,24,grace6@example.com